gender,y
Female,0.11245156101484244
Male,0.1106152374880459
Unknown/Invalid,0.0
