race_gender,y
Asian|Male,0.12693498452012383
Hispanic|Male,0.11851851851851852
Caucasian|Female,0.11489329537151352
AfricanAmerican|Male,0.11427425821972735
AfricanAmerican|Female,0.11084583901773533
Caucasian|Male,0.11073880801977479
Other|Female,0.10294117647058823
Hispanic|Female,0.09157509157509157
Other|Male,0.08982826948480846
Unknown|Male,0.0852372583479789
Unknown|Female,0.08031774051191527
Asian|Female,0.07547169811320754
Other|Unknown/Invalid,0.0
Unknown|Unknown/Invalid,0.0
