race,y
Caucasian,0.11290555723465485
AfricanAmerican,0.11218115564809995
Hispanic,0.10407461953853707
Asian,0.10140405616224649
Other,0.09628154050464807
Unknown,0.08271007479102507
